filename,x1,x2,y1,y2
volleyball_frame_00665.png,45.5,64.5,175.0,195.0
volleyball_frame_00666.png,48.5,75.5,163.5,182.5
volleyball_frame_00669.png,59.0,89.0,126.5,161.5
volleyball_frame_00670.png,65.5,86.5,122.5,141.5
volleyball_frame_00672.png,74.5,95.5,109.0,131.0
volleyball_frame_00676.png,83.0,123.0,94.5,127.5
volleyball_frame_00679.png,98.0,128.0,102.5,131.5
volleyball_frame_00681.png,108.0,136.0,119.0,137.0
volleyball_frame_00682.png,112.5,143.5,128.5,149.5
volleyball_frame_00687.png,136.5,157.5,194.5,219.5
volleyball_frame_00688.png,133.5,164.5,205.5,236.5
volleyball_frame_00689.png,139.5,168.5,227.0,257.0
volleyball_frame_00690.png,144.0,174.0,251.0,269.0
volleyball_frame_00691.png,147.0,179.0,270.0,294.0
volleyball_frame_00694.png,164.0,184.0,320.5,339.5
volleyball_frame_00695.png,173.5,186.5,341.5,358.5
volleyball_frame_00698.png,194.5,217.5,386.5,411.5
volleyball_frame_00700.png,-0.5,0.5,-0.5,0.5
volleyball_frame_00701.png,-0.5,0.5,-0.5,0.5
volleyball_frame_00704.png,-0.5,0.5,-0.5,0.5
volleyball_frame_00706.png,-0.5,0.5,-0.5,0.5
volleyball_frame_00707.png,-0.5,0.5,-0.5,0.5
volleyball_frame_00711.png,-0.5,0.5,-0.5,0.5
volleyball_frame_00715.png,280.0,290.0,318.0,336.0
volleyball_frame_00717.png,286.5,301.5,354.0,374.0
volleyball_frame_00719.png,291.5,308.5,395.5,412.5
volleyball_frame_00721.png,289.0,325.0,357.0,389.0
volleyball_frame_00722.png,293.0,319.0,342.5,377.5
volleyball_frame_00723.png,290.5,319.5,332.0,358.0
volleyball_frame_00725.png,299.0,317.0,318.0,336.0
volleyball_frame_00726.png,297.0,329.0,318.5,341.5
volleyball_frame_00727.png,305.0,333.0,339.0,361.0
volleyball_frame_00728.png,311.5,338.5,348.0,376.0
volleyball_frame_00731.png,324.0,352.0,375.5,400.5
volleyball_frame_00732.png,333.5,352.5,363.5,382.5
volleyball_frame_00734.png,335.0,359.0,342.0,364.0
volleyball_frame_00737.png,344.0,364.0,323.5,342.5
volleyball_frame_00738.png,347.5,366.5,336.0,358.0
volleyball_frame_00739.png,350.5,369.5,349.0,375.0
volleyball_frame_00740.png,355.5,376.5,372.5,389.5
volleyball_frame_00741.png,364.5,379.5,397.0,413.0
volleyball_frame_00743.png,362.0,382.0,362.5,383.5
volleyball_frame_00745.png,355.0,383.0,336.0,364.0
volleyball_frame_00747.png,361.5,384.5,323.0,347.0
volleyball_frame_00749.png,363.5,386.5,320.0,338.0
volleyball_frame_00753.png,373.0,393.0,370.5,393.5
volleyball_frame_00754.png,373.5,396.5,385.0,411.0
volleyball_frame_00756.png,376.5,395.5,361.0,383.0
volleyball_frame_00757.png,377.5,398.5,348.0,374.0
volleyball_frame_00762.png,373.0,401.0,312.0,328.0
volleyball_frame_00763.png,371.0,399.0,308.0,334.0
volleyball_frame_00766.png,372.0,394.0,311.5,326.5
volleyball_frame_00767.png,368.5,397.5,304.5,331.5
volleyball_frame_00768.png,373.0,395.0,309.5,328.5
volleyball_frame_00769.png,371.5,396.5,306.5,325.5
volleyball_frame_00771.png,364.5,393.5,302.5,329.5
volleyball_frame_00772.png,361.5,394.5,303.5,332.5
volleyball_frame_00774.png,361.0,387.0,307.0,329.0
volleyball_frame_00775.png,359.0,379.0,301.5,330.5
volleyball_frame_00809.png,333.0,357.0,331.0,363.0
volleyball_frame_00810.png,333.5,360.5,354.5,373.5
volleyball_frame_00813.png,335.5,362.5,361.5,388.5
volleyball_frame_00816.png,335.0,369.0,318.5,349.5
volleyball_frame_00817.png,342.5,363.5,318.5,339.5
volleyball_frame_00819.png,331.5,364.5,306.5,331.5
volleyball_frame_00822.png,341.0,361.0,334.0,352.0
volleyball_frame_00823.png,346.0,364.0,350.0,372.0
volleyball_frame_00828.png,342.5,361.5,349.5,366.5
volleyball_frame_00829.png,341.0,365.0,325.5,354.5
volleyball_frame_00830.png,340.0,362.0,321.0,345.0
volleyball_frame_00831.png,339.0,365.0,313.5,332.5
volleyball_frame_00832.png,340.5,363.5,313.0,329.0
volleyball_frame_00835.png,342.0,364.0,313.5,332.5
volleyball_frame_00837.png,341.5,364.5,345.5,368.5
volleyball_frame_00838.png,342.0,370.0,360.5,387.5
volleyball_frame_00839.png,339.5,362.5,386.5,411.5
volleyball_frame_00843.png,343.0,363.0,327.5,348.5
volleyball_frame_00846.png,345.0,365.0,320.0,336.0
volleyball_frame_00863.png,345.5,372.5,283.0,309.0
volleyball_frame_00864.png,352.5,369.5,286.5,301.5
volleyball_frame_00865.png,348.0,372.0,290.0,298.0
volleyball_frame_00866.png,349.5,368.5,284.5,303.5
volleyball_frame_00867.png,350.5,369.5,283.0,303.0
volleyball_frame_00869.png,353.0,369.0,284.0,308.0
volleyball_frame_00871.png,349.5,370.5,279.0,305.0
volleyball_frame_00873.png,349.0,369.0,281.0,303.0
volleyball_frame_00874.png,347.0,369.0,279.5,298.5
volleyball_frame_00875.png,346.5,367.5,281.0,299.0
volleyball_frame_00876.png,350.5,367.5,278.0,296.0
volleyball_frame_00878.png,346.5,369.5,273.0,299.0
volleyball_frame_00880.png,349.0,369.0,279.5,298.5
volleyball_frame_00881.png,349.0,367.0,280.0,296.0
volleyball_frame_00884.png,350.0,370.0,274.5,295.5
volleyball_frame_00886.png,351.0,375.0,279.5,296.5
volleyball_frame_00888.png,350.0,372.0,276.5,299.5
volleyball_frame_00890.png,354.5,373.5,280.0,296.0
volleyball_frame_00891.png,351.5,378.5,271.0,299.0
volleyball_frame_00893.png,349.0,379.0,278.0,300.0
volleyball_frame_00895.png,350.0,384.0,281.5,300.5
volleyball_frame_00896.png,351.0,381.0,279.5,306.5
volleyball_frame_00898.png,346.5,375.5,280.0,304.0
volleyball_frame_00899.png,343.5,382.5,282.5,307.5
volleyball_frame_00902.png,344.5,373.5,283.0,307.0
volleyball_frame_00903.png,346.5,375.5,292.5,301.5
volleyball_frame_00904.png,347.0,373.0,287.0,309.0
volleyball_frame_00905.png,342.5,371.5,287.5,308.5
volleyball_frame_00906.png,345.5,372.5,289.0,305.0
volleyball_frame_00912.png,340.5,363.5,310.0,338.0
volleyball_frame_00915.png,334.0,352.0,316.0,338.0
volleyball_frame_00916.png,336.0,354.0,312.5,327.5
volleyball_frame_00919.png,326.5,347.5,271.0,293.0
volleyball_frame_00923.png,322.0,356.0,196.5,225.5
volleyball_frame_00924.png,327.0,351.0,182.0,208.0
volleyball_frame_00925.png,329.0,351.0,178.0,196.0
volleyball_frame_00927.png,321.5,360.5,151.0,181.0
volleyball_frame_00928.png,323.5,352.5,143.0,175.0
volleyball_frame_00929.png,327.0,353.0,142.0,162.0
volleyball_frame_00932.png,325.0,353.0,129.0,157.0
volleyball_frame_00933.png,327.5,354.5,128.5,151.5
volleyball_frame_00934.png,327.5,350.5,128.5,153.5
volleyball_frame_00935.png,324.0,354.0,130.5,157.5
volleyball_frame_00936.png,330.0,354.0,137.0,159.0
volleyball_frame_00937.png,329.5,352.5,143.0,163.0
volleyball_frame_00938.png,327.5,354.5,146.0,174.0
volleyball_frame_00940.png,324.0,356.0,167.0,189.0
volleyball_frame_00941.png,323.0,357.0,166.5,205.5
volleyball_frame_00942.png,339.5,364.5,180.5,199.5
volleyball_frame_00945.png,398.5,427.5,168.5,189.5
volleyball_frame_00946.png,422.5,445.5,168.0,192.0
volleyball_frame_00948.png,460.5,489.5,175.0,197.0
volleyball_frame_00949.png,484.5,509.5,176.5,201.5
volleyball_frame_00956.png,629.0,661.0,244.0,276.0
volleyball_frame_00958.png,661.0,711.0,278.0,310.0
volleyball_frame_00959.png,698.0,722.0,303.5,330.5
volleyball_frame_00960.png,713.0,745.0,324.5,351.5
volleyball_frame_00961.png,735.5,764.5,351.0,383.0
volleyball_frame_00964.png,794.0,830.0,439.0,467.0
volleyball_frame_00965.png,809.5,848.5,465.0,503.0
volleyball_frame_00966.png,831.5,864.5,501.5,534.5
volleyball_frame_00969.png,813.5,838.5,427.0,457.0
volleyball_frame_00970.png,799.5,830.5,394.0,428.0
volleyball_frame_00972.png,773.0,815.0,339.5,374.5
volleyball_frame_00973.png,766.5,793.5,318.5,341.5
volleyball_frame_00974.png,754.5,781.5,292.5,317.5
volleyball_frame_00975.png,746.0,776.0,272.0,298.0
volleyball_frame_00976.png,733.5,758.5,247.5,276.5
volleyball_frame_00977.png,724.0,746.0,230.5,255.5
volleyball_frame_00980.png,685.5,716.5,192.0,222.0
volleyball_frame_00982.png,669.0,691.0,179.0,201.0
volleyball_frame_00983.png,656.0,678.0,175.0,193.0
volleyball_frame_00984.png,640.0,678.0,160.5,191.5
volleyball_frame_00985.png,634.5,661.5,166.0,184.0
volleyball_frame_00986.png,619.5,648.5,155.0,187.0
volleyball_frame_00987.png,609.5,644.5,151.5,180.5
volleyball_frame_00990.png,581.0,611.0,169.5,196.5
volleyball_frame_00991.png,565.5,598.5,174.0,206.0
volleyball_frame_00996.png,516.0,546.0,233.0,257.0
volleyball_frame_00997.png,512.5,533.5,257.5,274.5
volleyball_frame_00998.png,500.5,527.5,268.0,296.0
volleyball_frame_01000.png,479.5,502.5,272.0,294.0
volleyball_frame_01001.png,465.5,488.5,248.5,271.5
volleyball_frame_01002.png,444.5,473.5,220.0,250.0
volleyball_frame_01004.png,417.5,444.5,181.0,211.0
volleyball_frame_01005.png,402.0,430.0,168.0,190.0
volleyball_frame_01006.png,387.5,414.5,151.0,179.0
volleyball_frame_01007.png,370.5,397.5,134.5,161.5
volleyball_frame_01008.png,357.5,384.5,121.0,151.0
volleyball_frame_01009.png,338.5,369.5,112.0,136.0
volleyball_frame_01010.png,327.0,353.0,106.0,130.0
volleyball_frame_01011.png,309.5,340.5,92.0,124.0
volleyball_frame_01012.png,298.0,328.0,86.5,119.5
volleyball_frame_01016.png,240.5,267.5,86.0,110.0
volleyball_frame_01017.png,227.0,255.0,86.5,115.5
volleyball_frame_01018.png,211.5,236.5,94.0,120.0
volleyball_frame_01020.png,186.5,209.5,109.0,135.0
volleyball_frame_01022.png,152.5,181.5,127.5,158.5
volleyball_frame_01023.png,139.0,167.0,140.5,167.5
volleyball_frame_01025.png,108.0,140.0,172.0,200.0
volleyball_frame_01026.png,99.0,125.0,192.0,220.0
volleyball_frame_01031.png,155.0,179.0,228.0,250.0
volleyball_frame_01032.png,169.0,199.0,206.5,235.5
volleyball_frame_01034.png,206.5,229.5,179.5,202.5
volleyball_frame_01036.png,236.5,265.5,162.0,192.0
volleyball_frame_01037.png,257.0,281.0,158.0,184.0
volleyball_frame_01038.png,269.5,294.5,153.0,179.0
volleyball_frame_01039.png,280.5,311.5,148.5,179.5
volleyball_frame_01041.png,309.5,334.5,154.5,179.5
volleyball_frame_01045.png,359.0,385.0,182.0,204.0
volleyball_frame_01047.png,381.5,402.5,202.5,225.5
volleyball_frame_01048.png,391.0,415.0,219.0,241.0
volleyball_frame_01050.png,407.0,431.0,208.5,237.5
volleyball_frame_01051.png,408.5,431.5,172.5,199.5
volleyball_frame_01052.png,412.0,440.0,134.5,163.5
volleyball_frame_01053.png,417.0,441.0,101.5,128.5
volleyball_frame_01056.png,427.5,452.5,5.0,33.0
volleyball_frame_01057.png,-0.5,0.5,-0.5,0.5
volleyball_frame_01059.png,-0.5,0.5,-0.5,0.5
volleyball_frame_01060.png,-0.5,0.5,-0.5,0.5
volleyball_frame_01061.png,-0.5,0.5,-0.5,0.5
volleyball_frame_01064.png,-0.5,0.5,-0.5,0.5
volleyball_frame_01065.png,-0.5,0.5,-0.5,0.5
volleyball_frame_01066.png,-0.5,0.5,-0.5,0.5
volleyball_frame_01067.png,-0.5,0.5,-0.5,0.5
volleyball_frame_01069.png,-0.5,0.5,-0.5,0.5
volleyball_frame_01070.png,-0.5,0.5,-0.5,0.5
volleyball_frame_01071.png,-0.5,0.5,-0.5,0.5
volleyball_frame_01075.png,-0.5,0.5,-0.5,0.5
volleyball_frame_01076.png,-0.5,0.5,-0.5,0.5
volleyball_frame_01077.png,-0.5,0.5,-0.5,0.5
volleyball_frame_01081.png,-0.5,0.5,-0.5,0.5
volleyball_frame_01082.png,-0.5,0.5,-0.5,0.5
volleyball_frame_01086.png,-0.5,0.5,-0.5,0.5
volleyball_frame_01087.png,-0.5,0.5,-0.5,0.5
volleyball_frame_01088.png,-0.5,0.5,-0.5,0.5
volleyball_frame_01089.png,-0.5,0.5,-0.5,0.5
volleyball_frame_01090.png,-0.5,0.5,-0.5,0.5
volleyball_frame_01091.png,-0.5,0.5,-0.5,0.5
volleyball_frame_01092.png,-0.5,0.5,-0.5,0.5
volleyball_frame_01096.png,613.0,639.0,25.5,50.5
volleyball_frame_01097.png,617.0,641.0,52.5,83.5
volleyball_frame_01098.png,619.0,645.0,88.5,115.5
volleyball_frame_01099.png,621.5,646.5,118.5,147.5
volleyball_frame_01100.png,629.0,649.0,160.0,184.0
volleyball_frame_01101.png,628.5,649.5,198.5,219.5
volleyball_frame_01102.png,631.0,655.0,233.0,261.0
volleyball_frame_01105.png,661.0,685.0,225.5,244.5
volleyball_frame_01109.png,719.0,745.0,144.0,168.0
volleyball_frame_01110.png,732.5,757.5,129.0,151.0
volleyball_frame_01111.png,746.0,772.0,113.0,139.0
volleyball_frame_01112.png,759.0,787.0,100.5,129.5
volleyball_frame_01113.png,773.0,803.0,91.0,117.0
volleyball_frame_01114.png,789.5,812.5,87.0,107.0
volleyball_frame_01115.png,802.0,828.0,79.0,103.0
volleyball_frame_01116.png,816.0,840.0,70.5,95.5
volleyball_frame_01119.png,855.0,883.0,63.0,87.0
volleyball_frame_01120.png,871.0,895.0,64.5,91.5
volleyball_frame_01123.png,911.0,935.0,80.5,103.5
volleyball_frame_01124.png,921.5,946.5,87.0,109.0
volleyball_frame_01126.png,948.0,974.0,107.0,131.0
volleyball_frame_01127.png,962.5,985.5,117.5,142.5
volleyball_frame_01128.png,970.0,998.0,128.0,158.0
volleyball_frame_01130.png,1000.0,1022.0,166.0,188.0
volleyball_frame_01134.png,1010.5,1031.5,224.5,245.5
volleyball_frame_01135.png,987.0,1009.0,225.5,248.5
volleyball_frame_01136.png,959.0,985.0,224.5,251.5
volleyball_frame_01139.png,885.5,908.5,244.0,268.0
volleyball_frame_01140.png,864.0,884.0,256.5,277.5
volleyball_frame_01141.png,831.5,864.5,272.0,288.0
volleyball_frame_01142.png,813.0,839.0,277.0,305.0
volleyball_frame_01145.png,738.0,760.0,332.0,356.0
volleyball_frame_01146.png,715.0,737.0,352.5,381.5
volleyball_frame_01147.png,683.0,711.0,378.5,405.5
volleyball_frame_01149.png,633.0,661.0,432.0,458.0
volleyball_frame_01151.png,580.5,599.5,493.5,512.5
volleyball_frame_01153.png,558.0,582.0,473.5,500.5
volleyball_frame_01155.png,557.0,581.0,396.0,422.0
volleyball_frame_01156.png,563.5,584.5,357.0,377.0
volleyball_frame_01157.png,557.0,587.0,319.0,351.0
volleyball_frame_01158.png,556.0,584.0,283.0,319.0
volleyball_frame_01159.png,561.5,584.5,261.5,284.5
volleyball_frame_01160.png,561.0,585.0,228.5,253.5
volleyball_frame_01162.png,560.5,585.5,177.5,198.5
volleyball_frame_01167.png,565.0,591.0,72.5,97.5
volleyball_frame_01168.png,562.5,593.5,56.0,86.0
volleyball_frame_01169.png,564.5,587.5,42.5,69.5
volleyball_frame_01171.png,567.5,592.5,23.5,46.5
volleyball_frame_01172.png,569.0,595.0,15.5,40.5
volleyball_frame_01173.png,568.5,595.5,10.5,33.5
volleyball_frame_01174.png,573.0,595.0,4.5,29.5
volleyball_frame_01175.png,572.0,598.0,4.5,25.5
volleyball_frame_01176.png,569.5,598.5,4.0,28.0
volleyball_frame_01177.png,571.5,596.5,2.5,29.5
volleyball_frame_01179.png,571.0,599.0,11.5,34.5
volleyball_frame_01180.png,568.0,602.0,13.5,42.5
volleyball_frame_01181.png,577.0,599.0,23.5,46.5
volleyball_frame_01182.png,573.5,600.5,33.0,59.0
volleyball_frame_01183.png,571.0,599.0,45.5,72.5
volleyball_frame_01184.png,575.0,601.0,54.0,84.0
volleyball_frame_01186.png,575.5,600.5,82.5,111.5
volleyball_frame_01187.png,577.5,600.5,106.0,132.0
volleyball_frame_01188.png,580.0,604.0,122.5,149.5
volleyball_frame_01190.png,581.0,605.0,164.0,192.0
volleyball_frame_01191.png,581.0,607.0,188.5,213.5
volleyball_frame_01192.png,584.5,601.5,217.0,235.0
volleyball_frame_01194.png,582.0,604.0,268.5,289.5
volleyball_frame_01195.png,582.5,607.5,302.0,322.0
volleyball_frame_01201.png,661.0,679.0,176.0,194.0
volleyball_frame_01202.png,673.5,692.5,158.0,174.0
volleyball_frame_01203.png,686.0,708.0,135.0,157.0
volleyball_frame_01204.png,699.0,721.0,120.0,144.0
volleyball_frame_01205.png,711.5,738.5,102.0,132.0
volleyball_frame_01206.png,723.0,751.0,93.5,114.5
volleyball_frame_01207.png,737.5,764.5,78.0,112.0
volleyball_frame_01208.png,751.0,779.0,70.0,102.0
volleyball_frame_01210.png,778.5,801.5,62.0,86.0
volleyball_frame_01212.png,803.0,829.0,54.5,81.5
volleyball_frame_01213.png,817.5,840.5,55.5,82.5
volleyball_frame_01214.png,827.0,853.0,55.5,82.5
volleyball_frame_01216.png,852.5,877.5,63.0,93.0
volleyball_frame_01218.png,877.0,901.0,77.5,102.5
volleyball_frame_01221.png,914.5,937.5,111.0,135.0
volleyball_frame_01222.png,925.0,951.0,124.5,149.5
volleyball_frame_01224.png,949.5,970.5,165.0,185.0
volleyball_frame_01226.png,975.5,994.5,203.0,223.0
volleyball_frame_01229.png,968.5,991.5,253.5,278.5
volleyball_frame_01230.png,964.0,986.0,264.5,289.5
volleyball_frame_01231.png,953.0,975.0,274.5,295.5
volleyball_frame_01232.png,-0.5,0.5,-0.5,0.5
volleyball_frame_01234.png,-0.5,0.5,-0.5,0.5
volleyball_frame_01235.png,-0.5,0.5,-0.5,0.5
volleyball_frame_01237.png,-0.5,0.5,-0.5,0.5
volleyball_frame_01241.png,913.0,929.0,169.0,193.0
volleyball_frame_01242.png,903.5,926.5,125.0,157.0
volleyball_frame_01243.png,896.0,922.0,97.5,122.5
volleyball_frame_01244.png,896.0,918.0,66.0,90.0
volleyball_frame_01246.png,887.5,910.5,5.5,28.5
volleyball_frame_01248.png,-0.5,0.5,-0.5,0.5
volleyball_frame_01249.png,-0.5,0.5,-0.5,0.5
volleyball_frame_01252.png,-0.5,0.5,-0.5,0.5
volleyball_frame_01254.png,-0.5,0.5,-0.5,0.5
volleyball_frame_01255.png,-0.5,0.5,-0.5,0.5
volleyball_frame_01258.png,-0.5,0.5,-0.5,0.5
volleyball_frame_01259.png,-0.5,0.5,-0.5,0.5
volleyball_frame_01261.png,-0.5,0.5,-0.5,0.5
volleyball_frame_01263.png,-0.5,0.5,-0.5,0.5
volleyball_frame_01264.png,-0.5,0.5,-0.5,0.5
volleyball_frame_01265.png,-0.5,0.5,-0.5,0.5
volleyball_frame_01268.png,-0.5,0.5,-0.5,0.5
volleyball_frame_01269.png,-0.5,0.5,-0.5,0.5
volleyball_frame_01274.png,-0.5,0.5,-0.5,0.5
volleyball_frame_01275.png,-0.5,0.5,-0.5,0.5
volleyball_frame_01278.png,-0.5,0.5,-0.5,0.5
volleyball_frame_01284.png,722.5,741.5,87.5,112.5
volleyball_frame_01285.png,720.5,739.5,121.0,145.0
volleyball_frame_01287.png,714.0,734.0,183.5,204.5
volleyball_frame_01288.png,708.0,728.0,214.5,237.5
volleyball_frame_01289.png,707.5,726.5,249.5,272.5
volleyball_frame_01290.png,710.0,732.0,245.0,269.0
volleyball_frame_01294.png,733.5,754.5,92.5,117.5
volleyball_frame_01295.png,736.0,758.0,58.0,84.0
volleyball_frame_01296.png,739.0,765.0,30.5,55.5
volleyball_frame_01301.png,-0.5,0.5,-0.5,0.5
volleyball_frame_01304.png,-0.5,0.5,-0.5,0.5
volleyball_frame_01305.png,-0.5,0.5,-0.5,0.5
volleyball_frame_01307.png,-0.5,0.5,-0.5,0.5
volleyball_frame_01309.png,-0.5,0.5,-0.5,0.5
volleyball_frame_01310.png,-0.5,0.5,-0.5,0.5
volleyball_frame_01312.png,-0.5,0.5,-0.5,0.5
volleyball_frame_01314.png,-0.5,0.5,-0.5,0.5
volleyball_frame_01317.png,-0.5,0.5,-0.5,0.5
volleyball_frame_01320.png,-0.5,0.5,-0.5,0.5
volleyball_frame_01323.png,-0.5,0.5,-0.5,0.5
volleyball_frame_01326.png,-0.5,0.5,-0.5,0.5
volleyball_frame_01327.png,-0.5,0.5,-0.5,0.5
volleyball_frame_01328.png,-0.5,0.5,-0.5,0.5
volleyball_frame_01331.png,-0.5,0.5,-0.5,0.5
volleyball_frame_01332.png,-0.5,0.5,-0.5,0.5
volleyball_frame_01334.png,-0.5,0.5,-0.5,0.5
volleyball_frame_01336.png,904.5,927.5,14.5,41.5
volleyball_frame_01339.png,917.0,937.0,111.0,135.0
volleyball_frame_01340.png,917.0,943.0,148.0,174.0
volleyball_frame_01341.png,919.0,943.0,188.0,210.0
volleyball_frame_01342.png,924.0,944.0,220.0,242.0
volleyball_frame_01343.png,909.0,935.0,223.5,240.5
volleyball_frame_01344.png,903.5,922.5,223.0,243.0
volleyball_frame_01345.png,888.0,912.0,229.0,251.0
volleyball_frame_01347.png,867.5,892.5,242.5,263.5
volleyball_frame_01349.png,842.0,870.0,271.0,293.0
volleyball_frame_01355.png,785.0,807.0,405.5,428.5
volleyball_frame_01357.png,764.5,789.5,469.5,498.5
volleyball_frame_01359.png,-0.5,0.5,-0.5,0.5
volleyball_frame_01360.png,-0.5,0.5,-0.5,0.5
volleyball_frame_01363.png,729.0,755.0,415.5,446.5
volleyball_frame_01364.png,726.5,751.5,375.5,404.5
volleyball_frame_01365.png,722.0,748.0,334.5,359.5
volleyball_frame_01369.png,712.5,735.5,191.5,208.5
volleyball_frame_01370.png,706.0,734.0,151.5,178.5
volleyball_frame_01372.png,697.5,726.5,94.0,124.0
volleyball_frame_01373.png,695.5,724.5,72.0,102.0
volleyball_frame_01375.png,690.0,718.0,20.5,53.5
volleyball_frame_01376.png,687.0,715.0,4.0,28.0
volleyball_frame_01377.png,680.5,711.5,-0.5,10.5
volleyball_frame_01378.png,-0.5,0.5,-0.5,0.5
volleyball_frame_01379.png,-0.5,0.5,-0.5,0.5
volleyball_frame_01380.png,-0.5,0.5,-0.5,0.5
volleyball_frame_01381.png,-0.5,0.5,-0.5,0.5
volleyball_frame_01384.png,-0.5,0.5,-0.5,0.5
volleyball_frame_01386.png,-0.5,0.5,-0.5,0.5
volleyball_frame_01388.png,-0.5,0.5,-0.5,0.5
volleyball_frame_01392.png,-0.5,0.5,-0.5,0.5
volleyball_frame_01394.png,-0.5,0.5,-0.5,0.5
volleyball_frame_01395.png,-0.5,0.5,-0.5,0.5
volleyball_frame_01397.png,616.0,642.0,1.0,19.0
volleyball_frame_01398.png,609.5,636.5,11.0,41.0
volleyball_frame_01401.png,599.0,627.0,74.0,106.0
volleyball_frame_01402.png,594.5,623.5,104.0,134.0
volleyball_frame_01403.png,593.5,618.5,128.5,157.5
volleyball_frame_01407.png,578.5,605.5,255.0,277.0
volleyball_frame_01408.png,576.5,599.5,289.0,305.0
volleyball_frame_01409.png,574.0,598.0,324.0,344.0
volleyball_frame_01410.png,557.0,579.0,303.5,324.5
volleyball_frame_01411.png,539.0,569.0,273.0,297.0
volleyball_frame_01413.png,509.5,530.5,215.5,234.5
volleyball_frame_01414.png,489.5,514.5,186.5,211.5
volleyball_frame_01416.png,453.0,483.0,144.0,166.0
volleyball_frame_01417.png,444.0,466.0,125.0,149.0
volleyball_frame_01419.png,407.5,434.5,86.5,115.5
volleyball_frame_01420.png,389.5,422.5,67.0,107.0
volleyball_frame_01421.png,378.0,404.0,62.5,87.5
volleyball_frame_01423.png,348.0,376.0,39.0,69.0
volleyball_frame_01424.png,334.0,360.0,32.5,61.5
volleyball_frame_01425.png,317.5,344.5,27.5,56.5
volleyball_frame_01426.png,303.0,329.0,25.0,51.0
volleyball_frame_01427.png,289.0,315.0,24.0,48.0
volleyball_frame_01430.png,245.0,273.0,30.5,53.5
volleyball_frame_01431.png,230.5,259.5,30.0,62.0
volleyball_frame_01432.png,214.5,243.5,38.0,68.0
volleyball_frame_01433.png,204.0,232.0,46.5,73.5
volleyball_frame_01434.png,189.0,217.0,59.5,86.5
volleyball_frame_01437.png,145.0,175.0,97.5,126.5
volleyball_frame_01439.png,118.5,145.5,140.0,164.0
volleyball_frame_01441.png,92.5,121.5,177.5,206.5
volleyball_frame_01442.png,79.5,108.5,202.5,227.5
volleyball_frame_01444.png,83.5,112.5,225.0,251.0
volleyball_frame_01445.png,110.5,135.5,225.5,244.5
volleyball_frame_01446.png,129.5,156.5,223.5,246.5
volleyball_frame_01447.png,151.0,179.0,225.5,248.5
volleyball_frame_01448.png,172.0,196.0,226.5,249.5
volleyball_frame_01449.png,190.0,218.0,228.0,258.0
volleyball_frame_01450.png,210.0,236.0,235.0,263.0
volleyball_frame_01453.png,269.0,293.0,259.0,285.0
volleyball_frame_01457.png,340.0,368.0,315.0,343.0
volleyball_frame_01458.png,359.5,384.5,331.5,360.5
volleyball_frame_01459.png,375.5,402.5,350.5,377.5
volleyball_frame_01460.png,395.0,421.0,375.0,401.0
volleyball_frame_01461.png,414.0,436.0,397.5,410.5
volleyball_frame_01462.png,-0.5,0.5,-0.5,0.5
volleyball_frame_01463.png,-0.5,0.5,-0.5,0.5
volleyball_frame_01465.png,-0.5,0.5,-0.5,0.5
volleyball_frame_01467.png,-0.5,0.5,-0.5,0.5
volleyball_frame_01468.png,-0.5,0.5,-0.5,0.5
volleyball_frame_01469.png,-0.5,0.5,-0.5,0.5
volleyball_frame_01471.png,-0.5,0.5,-0.5,0.5
volleyball_frame_01480.png,617.5,636.5,377.0,395.0
volleyball_frame_01481.png,622.5,647.5,377.0,403.0
volleyball_frame_01483.png,644.5,663.5,390.0,418.0
volleyball_frame_01484.png,653.0,677.0,400.0,422.0
volleyball_frame_01485.png,665.0,685.0,413.0,433.0
volleyball_frame_01486.png,670.5,691.5,426.5,449.5
volleyball_frame_01487.png,676.5,701.5,441.5,462.5
volleyball_frame_01488.png,688.5,707.5,450.5,475.5
volleyball_frame_01489.png,693.0,721.0,469.5,494.5
volleyball_frame_01491.png,709.5,738.5,471.5,500.5
volleyball_frame_01492.png,719.5,742.5,463.5,488.5
volleyball_frame_01493.png,728.5,743.5,452.5,475.5
volleyball_frame_01495.png,-0.5,0.5,-0.5,0.5
volleyball_frame_01496.png,-0.5,0.5,-0.5,0.5
volleyball_frame_01497.png,-0.5,0.5,-0.5,0.5
volleyball_frame_01498.png,767.5,788.5,420.0,436.0
volleyball_frame_01507.png,721.5,740.5,374.0,392.0
volleyball_frame_01508.png,709.0,733.0,363.0,381.0
volleyball_frame_01509.png,700.5,719.5,350.5,371.5
volleyball_frame_01514.png,-0.5,0.5,-0.5,0.5
volleyball_frame_01515.png,674.5,697.5,291.5,308.5
volleyball_frame_01516.png,669.5,692.5,281.5,306.5
volleyball_frame_01518.png,649.0,671.0,261.0,285.0
volleyball_frame_01519.png,635.0,655.0,248.5,267.5
volleyball_frame_01521.png,599.0,621.0,226.5,247.5
volleyball_frame_01522.png,587.5,608.5,221.0,243.0
volleyball_frame_01523.png,572.5,591.5,216.5,235.5
volleyball_frame_01524.png,558.5,581.5,212.5,235.5
volleyball_frame_01525.png,540.5,563.5,210.0,232.0
volleyball_frame_01526.png,524.5,551.5,207.5,232.5
volleyball_frame_01527.png,511.0,537.0,209.0,233.0
volleyball_frame_01528.png,501.0,521.0,213.0,235.0
volleyball_frame_01529.png,491.0,513.0,219.0,237.0
volleyball_frame_01531.png,458.0,480.0,227.0,249.0
volleyball_frame_01532.png,444.0,466.0,236.0,256.0
volleyball_frame_01533.png,430.5,451.5,240.5,261.5
volleyball_frame_01537.png,380.5,409.5,290.5,303.5
volleyball_frame_01539.png,353.0,381.0,322.0,348.0
volleyball_frame_01541.png,327.5,354.5,363.0,387.0
volleyball_frame_01543.png,306.0,334.0,401.5,420.5
volleyball_frame_01545.png,292.0,312.0,416.5,431.5
volleyball_frame_01547.png,284.0,304.0,378.0,400.0
volleyball_frame_01548.png,282.0,300.0,363.5,384.5
volleyball_frame_01549.png,276.0,296.0,352.0,370.0
volleyball_frame_01551.png,264.5,283.5,329.5,346.5
volleyball_frame_01552.png,263.0,281.0,320.5,341.5
volleyball_frame_01553.png,256.0,276.0,313.0,333.0
volleyball_frame_01554.png,249.5,274.5,312.0,328.0
volleyball_frame_01558.png,-0.5,0.5,-0.5,0.5
volleyball_frame_01560.png,-0.5,0.5,-0.5,0.5
volleyball_frame_01561.png,220.0,244.0,309.5,322.5
volleyball_frame_01564.png,205.5,224.5,326.0,348.0
volleyball_frame_01565.png,202.5,223.5,340.5,355.5
volleyball_frame_01567.png,193.0,215.0,358.0,382.0
volleyball_frame_01568.png,189.0,209.0,373.5,392.5
volleyball_frame_01569.png,183.5,202.5,386.5,403.5
volleyball_frame_01571.png,9.0,27.0,303.0,323.0
volleyball_frame_01599.png,62.5,81.5,347.0,365.0
volleyball_frame_01767.png,24.0,54.0,635.0,665.0
volleyball_frame_01768.png,42.0,70.0,610.0,642.0
volleyball_frame_01770.png,76.5,103.5,573.5,604.5
volleyball_frame_01771.png,91.0,121.0,561.0,587.0
volleyball_frame_01772.png,107.0,133.0,548.0,572.0
volleyball_frame_01774.png,139.5,166.5,528.0,556.0
volleyball_frame_01776.png,165.5,198.5,518.0,548.0
volleyball_frame_01777.png,179.0,217.0,517.5,544.5
volleyball_frame_01782.png,245.0,273.0,536.5,567.5
volleyball_frame_01783.png,239.0,265.0,549.5,574.5
volleyball_frame_01784.png,235.0,265.0,560.5,587.5
volleyball_frame_01785.png,233.0,261.0,571.0,595.0
volleyball_frame_01786.png,232.0,258.0,579.0,605.0
volleyball_frame_01787.png,233.0,263.0,585.0,611.0
volleyball_frame_01995.png,103.5,128.5,490.5,517.5
volleyball_frame_01997.png,105.0,131.0,440.5,469.5
volleyball_frame_01999.png,106.0,136.0,406.5,433.5
volleyball_frame_02000.png,108.5,133.5,391.0,417.0
volleyball_frame_02001.png,110.0,138.0,373.5,404.5
volleyball_frame_02002.png,109.0,137.0,367.0,391.0
volleyball_frame_02003.png,113.5,136.5,351.5,382.5
volleyball_frame_02004.png,112.0,140.0,349.0,375.0
volleyball_frame_02005.png,111.0,143.0,340.0,370.0
volleyball_frame_02006.png,113.0,143.0,338.0,364.0
volleyball_frame_02007.png,115.0,145.0,335.5,362.5
volleyball_frame_02008.png,113.0,143.0,337.0,365.0
volleyball_frame_02009.png,117.5,142.5,339.5,364.5
volleyball_frame_02010.png,119.0,149.0,341.0,371.0
volleyball_frame_02011.png,117.5,150.5,348.0,374.0
volleyball_frame_02012.png,121.5,148.5,358.0,380.0
volleyball_frame_02014.png,152.5,173.5,321.5,344.5
volleyball_frame_02017.png,197.5,220.5,258.0,280.0
volleyball_frame_02018.png,212.0,240.0,236.5,263.5
volleyball_frame_02019.png,228.5,253.5,227.0,249.0
volleyball_frame_02020.png,244.5,269.5,211.5,234.5
volleyball_frame_02021.png,257.5,288.5,205.5,224.5
volleyball_frame_02022.png,272.5,303.5,191.0,219.0
volleyball_frame_02023.png,288.5,317.5,188.0,210.0
volleyball_frame_02026.png,332.0,356.0,168.5,193.5
volleyball_frame_02028.png,359.0,385.0,170.0,192.0
volleyball_frame_02029.png,370.5,397.5,168.5,195.5
volleyball_frame_02031.png,394.5,425.5,177.0,205.0
volleyball_frame_02033.png,423.5,444.5,194.0,214.0
volleyball_frame_02034.png,435.5,458.5,205.5,226.5
volleyball_frame_02035.png,445.0,471.0,213.0,241.0
volleyball_frame_02038.png,479.0,497.0,252.5,273.5
volleyball_frame_02039.png,491.0,511.0,270.0,290.0
volleyball_frame_02042.png,519.5,540.5,319.5,338.5
volleyball_frame_02045.png,534.0,558.0,294.0,308.0
volleyball_frame_02048.png,537.0,559.0,221.0,239.0
volleyball_frame_02049.png,532.5,555.5,194.5,215.5
volleyball_frame_02051.png,534.0,558.0,152.5,175.5
volleyball_frame_02056.png,534.0,560.0,77.0,109.0
volleyball_frame_02060.png,531.5,560.5,49.5,74.5
volleyball_frame_02061.png,532.5,561.5,44.5,73.5
volleyball_frame_02062.png,532.5,561.5,42.0,74.0
volleyball_frame_02063.png,539.0,561.0,42.5,69.5
volleyball_frame_02064.png,538.0,560.0,44.5,67.5
volleyball_frame_02065.png,532.5,561.5,42.5,73.5
volleyball_frame_02066.png,537.0,559.0,51.0,77.0
volleyball_frame_02067.png,539.0,561.0,56.0,82.0
volleyball_frame_02068.png,538.0,560.0,65.5,88.5
volleyball_frame_02070.png,537.0,563.0,79.5,108.5
volleyball_frame_02071.png,536.5,561.5,93.0,117.0
volleyball_frame_02072.png,535.0,565.0,110.0,134.0
volleyball_frame_02073.png,536.5,563.5,120.0,150.0
volleyball_frame_02074.png,532.5,559.5,141.5,162.5
volleyball_frame_02075.png,536.5,561.5,156.5,179.5
volleyball_frame_02076.png,538.5,557.5,181.5,200.5
volleyball_frame_02077.png,536.5,559.5,199.5,224.5
volleyball_frame_02078.png,537.5,560.5,225.5,248.5
volleyball_frame_02079.png,537.0,563.0,248.0,274.0
volleyball_frame_02081.png,540.5,563.5,257.0,285.0
volleyball_frame_02082.png,544.5,567.5,237.0,259.0
volleyball_frame_02083.png,549.5,570.5,216.5,239.5
volleyball_frame_02084.png,553.5,574.5,198.5,219.5
volleyball_frame_02085.png,557.0,579.0,176.0,202.0
volleyball_frame_02086.png,559.5,582.5,164.0,186.0
volleyball_frame_02088.png,569.0,591.0,135.0,163.0
volleyball_frame_02089.png,568.5,597.5,123.5,148.5
volleyball_frame_02090.png,572.0,602.0,115.0,143.0
volleyball_frame_02091.png,576.5,603.5,112.0,134.0
volleyball_frame_02092.png,580.0,608.0,107.5,126.5
volleyball_frame_02093.png,585.5,608.5,99.5,126.5
volleyball_frame_02096.png,591.5,622.5,101.0,123.0
volleyball_frame_02097.png,600.0,626.0,105.5,122.5
volleyball_frame_02099.png,604.0,630.0,109.5,138.5
volleyball_frame_02100.png,609.0,635.0,115.5,140.5
volleyball_frame_02102.png,616.5,639.5,135.5,162.5
volleyball_frame_02103.png,617.5,642.5,153.0,173.0
volleyball_frame_02104.png,627.0,643.0,163.5,190.5
volleyball_frame_02106.png,625.0,653.0,194.5,217.5
volleyball_frame_02109.png,583.5,608.5,256.0,282.0
volleyball_frame_02110.png,555.0,581.0,281.0,303.0
volleyball_frame_02111.png,549.5,570.5,268.5,291.5
volleyball_frame_02112.png,547.0,569.0,262.5,281.5
volleyball_frame_02114.png,533.5,558.5,248.5,273.5
volleyball_frame_02116.png,517.0,545.0,247.5,270.5
volleyball_frame_02117.png,513.0,539.0,250.5,273.5
volleyball_frame_02119.png,497.0,525.0,264.0,288.0
volleyball_frame_02120.png,488.0,518.0,271.0,301.0
volleyball_frame_02122.png,470.0,502.0,291.0,327.0
volleyball_frame_02123.png,460.0,494.0,316.5,343.5
volleyball_frame_02125.png,447.5,476.5,350.5,381.5
volleyball_frame_02126.png,439.5,464.5,372.0,394.0
volleyball_frame_02130.png,394.0,426.0,463.5,486.5
volleyball_frame_02131.png,383.0,411.0,490.5,519.5
volleyball_frame_02135.png,337.0,371.0,630.0,664.0
volleyball_frame_02138.png,302.5,337.5,678.0,708.0
volleyball_frame_02140.png,286.0,316.0,643.5,674.5
volleyball_frame_02141.png,274.5,303.5,627.0,657.0
volleyball_frame_02142.png,265.5,292.5,616.0,642.0
volleyball_frame_02144.png,237.5,272.5,595.5,620.5
volleyball_frame_02145.png,229.0,261.0,585.5,612.5
volleyball_frame_02147.png,205.5,238.5,578.5,609.5
volleyball_frame_02148.png,192.0,224.0,581.5,606.5
volleyball_frame_02149.png,184.0,214.0,583.5,612.5
volleyball_frame_02150.png,170.0,206.0,586.5,619.5
volleyball_frame_02151.png,163.5,188.5,594.5,625.5
volleyball_frame_02153.png,133.0,167.0,621.5,648.5
volleyball_frame_02154.png,124.0,158.0,637.5,664.5
volleyball_frame_02155.png,111.0,149.0,650.5,683.5
volleyball_frame_02156.png,101.0,129.0,674.5,703.5
volleyball_frame_02157.png,90.0,124.0,677.0,707.0
volleyball_frame_02159.png,83.5,116.5,641.5,672.5
volleyball_frame_02160.png,74.5,111.5,624.5,659.5
volleyball_frame_02161.png,72.0,104.0,616.0,644.0
volleyball_frame_02163.png,62.5,95.5,594.0,622.0
volleyball_frame_02165.png,51.5,84.5,579.5,612.5
volleyball_frame_02168.png,37.0,73.0,580.0,616.0
volleyball_frame_02170.png,27.5,62.5,597.0,623.0
volleyball_frame_02171.png,26.5,57.5,602.0,632.0
volleyball_frame_02172.png,21.5,52.5,613.0,645.0
volleyball_frame_02173.png,17.0,47.0,625.5,652.5
volleyball_frame_02450.png,243.0,261.0,237.0,253.0
volleyball_frame_02451.png,251.5,274.5,223.0,245.0
volleyball_frame_02452.png,265.5,284.5,210.0,232.0
volleyball_frame_02454.png,286.0,308.0,191.0,211.0
volleyball_frame_02455.png,297.0,321.0,180.5,205.5
volleyball_frame_02456.png,313.0,333.0,181.5,198.5
volleyball_frame_02457.png,321.5,346.5,171.0,195.0
volleyball_frame_02458.png,337.0,357.0,170.0,190.0
volleyball_frame_02460.png,360.0,382.0,165.0,185.0
volleyball_frame_02461.png,371.5,394.5,163.5,188.5
volleyball_frame_02463.png,394.0,418.0,172.5,193.5
volleyball_frame_02464.png,405.5,428.5,175.0,199.0
volleyball_frame_02465.png,416.5,441.5,181.0,205.0
volleyball_frame_02466.png,428.5,453.5,191.0,213.0
volleyball_frame_02468.png,453.0,473.0,209.0,233.0
volleyball_frame_02470.png,478.0,496.0,239.0,257.0
volleyball_frame_02471.png,487.0,507.0,251.0,271.0
volleyball_frame_02473.png,509.5,534.5,286.0,304.0
volleyball_frame_02475.png,529.5,552.5,321.5,346.5
volleyball_frame_02477.png,-0.5,0.5,-0.5,0.5
volleyball_frame_02480.png,-0.5,0.5,-0.5,0.5
volleyball_frame_02481.png,-0.5,0.5,-0.5,0.5
volleyball_frame_02484.png,622.5,643.5,324.5,341.5
volleyball_frame_02485.png,626.5,647.5,319.0,339.0
volleyball_frame_02486.png,630.0,652.0,319.5,334.5
volleyball_frame_02487.png,640.5,665.5,315.0,337.0
volleyball_frame_02490.png,663.5,684.5,315.5,332.5
volleyball_frame_02491.png,673.5,692.5,318.5,327.5
volleyball_frame_02493.png,687.5,702.5,314.5,329.5
volleyball_frame_02500.png,719.0,743.0,299.5,310.5
volleyball_frame_02501.png,727.0,745.0,306.0,314.0
volleyball_frame_02502.png,733.0,751.0,300.0,310.0
volleyball_frame_02505.png,747.0,763.0,318.0,336.0
volleyball_frame_02509.png,8.5,25.5,351.5,372.5
volleyball_frame_02515.png,-0.5,0.5,-0.5,0.5
volleyball_frame_02521.png,788.0,810.0,293.5,308.5
volleyball_frame_02522.png,788.0,814.0,296.5,307.5
volleyball_frame_02523.png,792.5,811.5,289.0,311.0
volleyball_frame_02525.png,795.0,815.0,289.0,309.0
volleyball_frame_02526.png,796.0,818.0,292.5,307.5
volleyball_frame_02527.png,795.5,810.5,299.5,312.5
volleyball_frame_02529.png,806.0,826.0,329.5,348.5
volleyball_frame_02530.png,806.0,828.0,344.0,362.0
volleyball_frame_02532.png,821.5,834.5,384.0,404.0
volleyball_frame_02534.png,-0.5,0.5,-0.5,0.5
volleyball_frame_02535.png,1.0,21.0,316.0,338.0
volleyball_frame_02537.png,827.5,848.5,339.5,358.5
volleyball_frame_02538.png,827.5,850.5,328.5,351.5
volleyball_frame_02541.png,837.0,857.0,321.0,333.0
volleyball_frame_02542.png,-0.5,0.5,-0.5,0.5
volleyball_frame_02544.png,838.5,853.5,301.5,314.5
volleyball_frame_02547.png,-0.5,0.5,-0.5,0.5
volleyball_frame_02549.png,844.5,855.5,332.5,355.5
volleyball_frame_02551.png,837.0,857.0,366.0,388.0
volleyball_frame_02556.png,841.5,862.5,355.0,377.0
volleyball_frame_02557.png,840.0,862.0,342.5,361.5
volleyball_frame_02559.png,838.0,864.0,322.0,344.0
volleyball_frame_02560.png,839.0,859.0,319.0,339.0
volleyball_frame_02561.png,837.5,860.5,315.5,330.5
volleyball_frame_02562.png,838.0,856.0,318.0,328.0
volleyball_frame_02565.png,832.0,850.0,300.5,313.5
volleyball_frame_02568.png,829.5,848.5,320.5,339.5
volleyball_frame_02569.png,827.5,850.5,337.5,356.5
volleyball_frame_02570.png,832.5,853.5,358.0,374.0
volleyball_frame_02571.png,831.0,849.0,383.5,396.5
volleyball_frame_02575.png,831.5,846.5,363.5,380.5
volleyball_frame_02576.png,831.0,851.0,349.5,366.5
volleyball_frame_02578.png,829.5,844.5,328.0,344.0
volleyball_frame_02579.png,829.5,848.5,321.0,341.0
volleyball_frame_02580.png,829.0,851.0,316.5,337.5
volleyball_frame_02581.png,830.0,848.0,319.5,332.5
volleyball_frame_02582.png,829.0,849.0,316.5,337.5
volleyball_frame_02584.png,833.0,853.0,342.0,364.0
volleyball_frame_02585.png,830.5,847.5,363.5,380.5
volleyball_frame_02586.png,827.5,846.5,381.0,403.0
volleyball_frame_02588.png,829.5,848.5,382.5,399.5
volleyball_frame_02589.png,829.0,845.0,365.5,384.5
volleyball_frame_02590.png,832.0,846.0,351.5,370.5
volleyball_frame_02592.png,829.0,851.0,326.0,348.0
volleyball_frame_02593.png,830.0,850.0,320.5,337.5
volleyball_frame_02594.png,830.5,847.5,317.0,333.0
volleyball_frame_02596.png,828.0,850.0,320.5,333.5
volleyball_frame_02597.png,829.5,850.5,324.5,345.5
volleyball_frame_02598.png,832.5,849.5,337.5,360.5
volleyball_frame_02599.png,831.0,849.0,361.5,376.5
volleyball_frame_02605.png,837.0,859.0,341.5,358.5
volleyball_frame_02606.png,838.0,858.0,333.5,352.5
volleyball_frame_02608.png,835.0,863.0,323.0,345.0
volleyball_frame_02610.png,836.5,859.5,325.5,342.5
volleyball_frame_02612.png,834.0,858.0,324.0,344.0
volleyball_frame_02613.png,834.5,857.5,325.0,343.0
volleyball_frame_02614.png,833.0,859.0,323.5,342.5
volleyball_frame_02615.png,835.0,857.0,322.5,343.5
volleyball_frame_02616.png,832.5,857.5,323.5,340.5
volleyball_frame_02617.png,834.5,853.5,323.5,338.5
volleyball_frame_02618.png,832.5,855.5,322.0,344.0
volleyball_frame_02619.png,832.0,858.0,320.5,341.5
volleyball_frame_02620.png,832.0,856.0,322.0,344.0
volleyball_frame_02624.png,833.0,857.0,318.5,339.5
volleyball_frame_02626.png,835.0,859.0,319.0,341.0
volleyball_frame_02627.png,836.5,861.5,323.0,345.0
volleyball_frame_02628.png,837.5,860.5,324.0,344.0
volleyball_frame_02629.png,837.0,863.0,322.5,343.5
volleyball_frame_02632.png,845.5,864.5,323.5,344.5
volleyball_frame_02633.png,844.0,866.0,324.0,348.0
volleyball_frame_02635.png,847.0,873.0,322.0,344.0
volleyball_frame_02636.png,850.5,873.5,322.5,343.5
volleyball_frame_02637.png,852.5,871.5,326.0,346.0
volleyball_frame_02638.png,852.5,869.5,327.5,346.5
volleyball_frame_02639.png,852.5,873.5,327.0,349.0
volleyball_frame_02640.png,853.0,877.0,331.5,348.5
volleyball_frame_02641.png,854.5,873.5,330.0,352.0
volleyball_frame_02642.png,851.5,870.5,330.5,349.5
volleyball_frame_02645.png,847.0,867.0,333.5,348.5
volleyball_frame_02646.png,843.0,865.0,330.5,349.5
volleyball_frame_02647.png,837.0,865.0,327.5,342.5
volleyball_frame_02650.png,826.5,849.5,296.0,310.0
volleyball_frame_02651.png,828.0,848.0,282.5,305.5
volleyball_frame_02652.png,826.0,846.0,264.5,283.5
volleyball_frame_02653.png,822.5,847.5,252.5,275.5
volleyball_frame_02655.png,823.5,840.5,230.5,247.5
volleyball_frame_02656.png,821.5,840.5,220.0,238.0
volleyball_frame_02657.png,821.0,841.0,208.0,228.0
volleyball_frame_02658.png,819.0,839.0,200.5,219.5
volleyball_frame_02659.png,818.0,840.0,191.5,212.5
volleyball_frame_02662.png,813.0,835.0,183.0,203.0
volleyball_frame_02664.png,812.0,830.0,186.0,204.0
volleyball_frame_02665.png,807.5,832.5,185.0,207.0
volleyball_frame_02666.png,806.5,831.5,185.5,212.5
volleyball_frame_02667.png,808.0,830.0,194.0,216.0
volleyball_frame_02670.png,799.5,824.5,214.5,235.5
volleyball_frame_02671.png,787.0,807.0,212.5,227.5
volleyball_frame_02672.png,769.5,788.5,204.0,224.0
volleyball_frame_02674.png,735.5,758.5,194.0,210.0
volleyball_frame_02675.png,725.0,745.0,186.5,205.5
volleyball_frame_02676.png,708.5,727.5,185.5,204.5
volleyball_frame_02677.png,694.5,719.5,186.0,204.0
volleyball_frame_02678.png,682.5,701.5,179.5,198.5
volleyball_frame_02679.png,667.0,691.0,179.5,200.5
volleyball_frame_02680.png,650.5,673.5,179.5,200.5
volleyball_frame_02681.png,637.5,660.5,182.5,205.5
volleyball_frame_02682.png,620.0,650.0,187.5,206.5
volleyball_frame_02684.png,592.5,617.5,198.0,220.0
volleyball_frame_02685.png,576.0,598.0,207.0,227.0
volleyball_frame_02686.png,561.0,585.0,215.0,239.0
volleyball_frame_02690.png,495.5,524.5,269.5,296.5
volleyball_frame_02691.png,479.0,511.0,285.0,307.0
volleyball_frame_02692.png,465.5,490.5,305.0,335.0
volleyball_frame_02693.png,449.0,479.0,328.5,353.5
volleyball_frame_02695.png,416.0,450.0,373.0,397.0
volleyball_frame_02697.png,387.5,402.5,436.5,453.5
volleyball_frame_02699.png,392.5,413.5,415.5,442.5
volleyball_frame_02700.png,407.5,436.5,381.5,402.5
volleyball_frame_02701.png,418.5,451.5,342.5,377.5
volleyball_frame_02702.png,432.0,468.0,319.5,344.5
volleyball_frame_02703.png,450.0,476.0,284.5,313.5
volleyball_frame_02704.png,461.5,488.5,268.5,295.5
volleyball_frame_02705.png,478.0,502.0,239.0,263.0
volleyball_frame_02706.png,494.0,514.0,222.5,241.5
volleyball_frame_02707.png,505.5,528.5,200.0,224.0
volleyball_frame_02708.png,520.0,546.0,183.5,206.5
volleyball_frame_02709.png,534.5,561.5,165.5,192.5
volleyball_frame_02710.png,546.5,573.5,151.0,177.0
volleyball_frame_02712.png,569.5,598.5,128.5,153.5
volleyball_frame_02714.png,597.0,627.0,112.0,142.0
volleyball_frame_02717.png,636.5,663.5,107.5,132.5
volleyball_frame_02718.png,651.0,675.0,104.5,137.5
volleyball_frame_02719.png,662.0,688.0,111.5,134.5
volleyball_frame_02720.png,676.0,700.0,118.0,138.0
volleyball_frame_02722.png,696.5,725.5,128.5,153.5
volleyball_frame_02723.png,707.0,735.0,134.5,163.5
volleyball_frame_02724.png,717.0,745.0,150.0,172.0
volleyball_frame_02725.png,733.5,754.5,162.5,183.5
volleyball_frame_02727.png,755.5,780.5,189.5,218.5
volleyball_frame_02728.png,765.5,788.5,210.0,228.0
volleyball_frame_02730.png,786.5,813.5,245.0,273.0
volleyball_frame_02731.png,794.5,823.5,266.5,291.5
volleyball_frame_02732.png,809.5,832.5,289.5,310.5
volleyball_frame_02733.png,822.0,844.0,278.5,297.5
volleyball_frame_02734.png,825.0,853.0,258.0,280.0
volleyball_frame_02735.png,831.0,861.0,230.5,257.5
volleyball_frame_02737.png,847.5,870.5,185.0,213.0
volleyball_frame_02738.png,859.5,878.5,168.5,191.5
volleyball_frame_02739.png,860.5,887.5,147.5,174.5
volleyball_frame_02740.png,871.5,898.5,129.5,156.5
volleyball_frame_02741.png,879.0,905.0,115.5,144.5
volleyball_frame_02742.png,887.5,914.5,106.0,132.0
volleyball_frame_02743.png,893.0,919.0,91.5,122.5
volleyball_frame_02745.png,903.5,932.5,78.0,106.0
volleyball_frame_02746.png,908.5,937.5,69.0,97.0
volleyball_frame_02747.png,918.0,944.0,66.0,96.0
volleyball_frame_02748.png,926.0,948.0,68.0,88.0
volleyball_frame_02749.png,930.5,953.5,65.5,90.5
volleyball_frame_02750.png,935.0,963.0,67.5,90.5
volleyball_frame_02753.png,955.0,979.0,80.0,104.0
volleyball_frame_02754.png,962.0,984.0,89.0,109.0
volleyball_frame_02755.png,967.0,993.0,98.0,122.0
volleyball_frame_02756.png,973.0,999.0,110.5,129.5
volleyball_frame_02757.png,979.5,1000.5,121.0,145.0
volleyball_frame_02758.png,983.0,1009.0,136.0,160.0
volleyball_frame_02759.png,989.0,1015.0,151.0,179.0
volleyball_frame_02760.png,993.5,1014.5,171.0,193.0
volleyball_frame_02761.png,995.5,1018.5,190.0,212.0
volleyball_frame_02764.png,-0.5,0.5,-0.5,0.5
volleyball_frame_02765.png,875.0,895.0,263.5,284.5
volleyball_frame_02772.png,539.5,564.5,159.5,184.5
volleyball_frame_02773.png,497.5,528.5,154.5,181.5
volleyball_frame_02774.png,453.5,478.5,149.0,171.0
volleyball_frame_02775.png,412.5,443.5,142.0,170.0
volleyball_frame_02778.png,287.5,320.5,149.0,171.0
volleyball_frame_03010.png,1184.0,1208.0,357.5,380.5
volleyball_frame_03012.png,1150.5,1177.5,360.0,386.0
volleyball_frame_03013.png,1134.5,1163.5,365.0,389.0
volleyball_frame_03014.png,1119.5,1150.5,371.0,401.0
volleyball_frame_03015.png,1105.0,1131.0,382.0,408.0
volleyball_frame_03016.png,1091.5,1116.5,396.0,418.0
volleyball_frame_03017.png,1076.5,1105.5,408.5,431.5
volleyball_frame_03020.png,1034.0,1064.0,463.5,484.5
volleyball_frame_03021.png,1020.0,1046.0,477.5,502.5
volleyball_frame_03022.png,1011.0,1039.0,495.5,526.5
volleyball_frame_03023.png,1007.5,1034.5,508.5,539.5
volleyball_frame_03025.png,1002.0,1034.0,550.0,574.0
volleyball_frame_03140.png,845.0,867.0,538.5,561.5
volleyball_frame_03142.png,849.0,869.0,542.0,560.0
volleyball_frame_03143.png,849.5,872.5,540.0,564.0
volleyball_frame_03144.png,851.5,868.5,541.5,560.5
volleyball_frame_03145.png,848.0,874.0,539.0,563.0
volleyball_frame_03146.png,849.0,875.0,537.0,563.0
volleyball_frame_03147.png,853.0,873.0,542.0,562.0
volleyball_frame_03151.png,853.0,875.0,540.5,561.5
volleyball_frame_03152.png,853.0,875.0,538.0,562.0
volleyball_frame_03153.png,857.0,875.0,536.5,561.5
volleyball_frame_03156.png,853.0,875.0,537.0,561.0
volleyball_frame_03157.png,852.0,876.0,534.5,563.5
volleyball_frame_03158.png,848.0,874.0,532.0,564.0
volleyball_frame_03159.png,854.5,873.5,536.0,562.0
volleyball_frame_03161.png,851.5,872.5,536.0,562.0
volleyball_frame_03164.png,842.5,875.5,531.0,561.0
volleyball_frame_03165.png,854.0,874.0,529.5,558.5
volleyball_frame_03166.png,852.5,873.5,532.5,559.5
volleyball_frame_03168.png,853.0,871.0,532.0,558.0
volleyball_frame_03170.png,853.0,875.0,527.0,555.0
volleyball_frame_03171.png,848.5,873.5,523.5,564.5
volleyball_frame_03172.png,850.5,873.5,532.0,560.0
volleyball_frame_03173.png,852.0,876.0,529.0,563.0
volleyball_frame_03174.png,849.0,873.0,532.5,561.5
volleyball_frame_03175.png,849.0,873.0,532.5,557.5
volleyball_frame_03177.png,853.0,871.0,530.0,560.0
volleyball_frame_03178.png,847.5,874.5,533.0,557.0
volleyball_frame_03180.png,851.5,872.5,530.0,558.0
volleyball_frame_03181.png,852.0,874.0,535.5,560.5
volleyball_frame_03182.png,847.5,872.5,533.0,557.0
volleyball_frame_03183.png,845.0,873.0,535.5,558.5
volleyball_frame_03185.png,848.5,873.5,535.5,560.5
volleyball_frame_03186.png,849.5,870.5,530.5,557.5
volleyball_frame_03187.png,853.0,875.0,536.0,560.0
volleyball_frame_03188.png,852.5,873.5,533.0,563.0
volleyball_frame_03189.png,848.0,874.0,532.5,563.5
volleyball_frame_03190.png,847.5,872.5,533.0,563.0
volleyball_frame_03192.png,846.0,874.0,535.5,562.5
volleyball_frame_03194.png,851.0,873.0,539.0,561.0
volleyball_frame_03196.png,853.0,871.0,540.0,564.0
volleyball_frame_03197.png,852.0,874.0,540.5,567.5
volleyball_frame_03199.png,849.0,877.0,541.5,560.5
volleyball_frame_03201.png,850.5,877.5,543.0,565.0
volleyball_frame_03202.png,854.0,874.0,537.5,562.5
volleyball_frame_03203.png,850.5,875.5,542.5,565.5
volleyball_frame_03207.png,-0.5,0.5,-0.5,0.5
volleyball_frame_03208.png,-0.5,0.5,-0.5,0.5
volleyball_frame_03209.png,-0.5,0.5,-0.5,0.5
volleyball_frame_03212.png,4.0,20.0,293.5,314.5
volleyball_frame_03213.png,-0.5,0.5,-0.5,0.5
volleyball_frame_03214.png,-0.5,0.5,-0.5,0.5
volleyball_frame_03217.png,859.0,873.0,672.0,694.0
volleyball_frame_03218.png,865.5,876.5,640.0,672.0
volleyball_frame_03220.png,864.0,880.0,614.0,632.0
volleyball_frame_03222.png,-0.5,0.5,-0.5,0.5
volleyball_frame_03225.png,868.5,877.5,583.5,602.5
volleyball_frame_03227.png,-0.5,0.5,-0.5,0.5
volleyball_frame_03228.png,-0.5,0.5,-0.5,0.5
volleyball_frame_03307.png,839.0,863.0,477.5,496.5
volleyball_frame_03308.png,841.5,862.5,447.0,463.0
volleyball_frame_03310.png,836.5,867.5,386.0,412.0
volleyball_frame_03311.png,841.5,864.5,363.0,389.0
volleyball_frame_03312.png,844.0,870.0,339.5,362.5
volleyball_frame_03313.png,841.5,868.5,325.5,346.5
volleyball_frame_03314.png,843.5,870.5,307.0,329.0
volleyball_frame_03315.png,844.0,872.0,289.0,317.0
volleyball_frame_03316.png,844.5,873.5,274.0,300.0
volleyball_frame_03317.png,848.0,878.0,259.0,291.0
volleyball_frame_03318.png,850.0,878.0,252.0,278.0
volleyball_frame_03319.png,850.0,878.0,244.5,269.5
volleyball_frame_03320.png,852.0,880.0,241.5,266.5
volleyball_frame_03321.png,849.5,882.5,240.0,262.0
volleyball_frame_03323.png,855.0,883.0,235.0,263.0
volleyball_frame_03324.png,855.0,885.0,238.0,268.0
volleyball_frame_03326.png,856.5,885.5,252.0,274.0
volleyball_frame_03328.png,857.5,886.5,269.5,294.5
volleyball_frame_03330.png,861.5,888.5,300.5,327.5
volleyball_frame_03331.png,864.0,890.0,316.0,338.0
volleyball_frame_03332.png,863.5,886.5,336.5,359.5
volleyball_frame_03333.png,863.5,886.5,335.5,356.5
volleyball_frame_03334.png,853.5,878.5,317.5,344.5
volleyball_frame_03335.png,842.5,867.5,305.5,326.5
volleyball_frame_03336.png,834.5,863.5,282.5,311.5
volleyball_frame_03337.png,829.5,854.5,273.0,295.0
volleyball_frame_03338.png,823.0,851.0,262.5,287.5
volleyball_frame_03339.png,820.0,846.0,249.5,274.5
volleyball_frame_03340.png,813.0,839.0,242.5,267.5
volleyball_frame_03341.png,807.0,831.0,239.0,261.0
volleyball_frame_03343.png,794.0,822.0,231.5,256.5
volleyball_frame_03344.png,791.5,816.5,231.5,254.5
volleyball_frame_03346.png,784.0,810.0,232.0,256.0
volleyball_frame_03348.png,781.5,808.5,240.5,263.5
volleyball_frame_03350.png,781.5,802.5,250.0,274.0
volleyball_frame_03352.png,777.0,803.0,263.5,286.5
volleyball_frame_03353.png,775.0,805.0,268.5,299.5
volleyball_frame_03354.png,777.5,800.5,280.5,303.5
volleyball_frame_03355.png,778.0,796.0,296.5,313.5
volleyball_frame_03356.png,777.5,796.5,310.5,327.5
volleyball_frame_03359.png,771.0,789.0,357.5,378.5
volleyball_frame_03360.png,771.5,792.5,373.5,396.5
volleyball_frame_03361.png,768.5,789.5,391.5,406.5
volleyball_frame_03363.png,760.0,776.0,332.5,351.5
volleyball_frame_03364.png,758.0,774.0,317.0,331.0
volleyball_frame_03365.png,746.5,765.5,280.0,304.0
volleyball_frame_03366.png,739.0,765.0,259.0,277.0
volleyball_frame_03367.png,733.5,754.5,240.0,258.0
volleyball_frame_03368.png,728.5,755.5,211.5,236.5
volleyball_frame_03371.png,714.0,738.0,155.5,182.5
volleyball_frame_03372.png,707.0,725.0,147.0,165.0
volleyball_frame_03374.png,695.5,720.5,116.0,142.0
volleyball_frame_03375.png,688.5,717.5,108.0,128.0
volleyball_frame_03376.png,686.0,710.0,94.0,120.0
volleyball_frame_03381.png,653.5,680.5,73.5,94.5
volleyball_frame_03382.png,652.5,675.5,71.5,96.5
volleyball_frame_03384.png,639.0,663.0,77.5,98.5
volleyball_frame_03386.png,624.0,654.0,87.5,110.5
volleyball_frame_03389.png,610.0,634.0,111.5,142.5
volleyball_frame_03391.png,596.5,623.5,139.0,165.0
volleyball_frame_03393.png,585.5,608.5,175.0,197.0
volleyball_frame_03395.png,572.0,594.0,219.0,239.0
volleyball_frame_03396.png,570.0,592.0,237.0,261.0
volleyball_frame_03400.png,589.0,617.0,269.0,293.0
volleyball_frame_03401.png,616.0,640.0,258.0,284.0
volleyball_frame_03403.png,664.0,686.0,246.5,267.5
volleyball_frame_03405.png,714.0,736.0,239.0,261.0
volleyball_frame_03406.png,729.0,751.0,239.0,259.0
volleyball_frame_03407.png,683.0,707.0,252.5,275.5
volleyball_frame_03408.png,633.0,655.0,277.5,294.5
volleyball_frame_03410.png,533.5,558.5,319.5,338.5
volleyball_frame_03412.png,419.5,454.5,369.5,394.5
volleyball_frame_03413.png,366.5,409.5,395.0,423.0
volleyball_frame_03414.png,316.5,355.5,427.0,453.0
volleyball_frame_03415.png,272.5,299.5,460.5,481.5
volleyball_frame_03416.png,219.5,248.5,493.5,522.5
volleyball_frame_03417.png,169.0,199.0,523.5,550.5
volleyball_frame_03419.png,93.0,121.0,539.0,561.0
volleyball_frame_03421.png,35.0,59.0,498.0,522.0
volleyball_frame_03576.png,134.0,156.0,223.5,242.5
volleyball_frame_03577.png,143.5,162.5,206.5,221.5
volleyball_frame_03578.png,149.0,171.0,186.0,208.0
volleyball_frame_03580.png,162.5,183.5,157.0,175.0
volleyball_frame_03581.png,173.0,193.0,144.0,160.0
volleyball_frame_03582.png,179.0,199.0,131.5,148.5
volleyball_frame_03583.png,183.5,208.5,119.0,139.0
volleyball_frame_03584.png,193.5,214.5,110.5,131.5
volleyball_frame_03585.png,200.0,222.0,100.0,120.0
volleyball_frame_03586.png,207.5,230.5,91.5,116.5
volleyball_frame_03587.png,214.0,238.0,86.5,111.5
volleyball_frame_03589.png,228.0,254.0,86.0,108.0
volleyball_frame_03590.png,239.0,261.0,82.5,103.5
volleyball_frame_03594.png,267.5,286.5,95.0,117.0
volleyball_frame_03595.png,276.0,298.0,103.0,121.0
volleyball_frame_03596.png,280.0,306.0,110.0,130.0
volleyball_frame_03597.png,286.5,313.5,118.5,137.5
volleyball_frame_03598.png,295.0,319.0,124.5,149.5
volleyball_frame_03599.png,300.0,328.0,136.5,163.5
volleyball_frame_03601.png,317.5,340.5,165.0,187.0
volleyball_frame_03604.png,340.0,360.0,222.0,242.0
volleyball_frame_03605.png,346.0,366.0,241.5,258.5
volleyball_frame_03607.png,348.0,366.0,250.5,269.5
volleyball_frame_03609.png,341.5,362.5,255.5,284.5
volleyball_frame_03610.png,336.5,359.5,267.0,287.0
volleyball_frame_03612.png,339.5,358.5,284.0,302.0
volleyball_frame_03613.png,339.0,353.0,296.0,306.0
volleyball_frame_03615.png,340.0,356.0,314.0,332.0
volleyball_frame_03617.png,344.0,360.0,327.0,341.0
volleyball_frame_03618.png,341.0,363.0,320.5,343.5
volleyball_frame_03619.png,343.5,360.5,324.0,340.0
volleyball_frame_03620.png,343.0,365.0,320.0,340.0
volleyball_frame_03621.png,345.5,366.5,321.5,340.5
volleyball_frame_03622.png,344.5,367.5,318.0,342.0
volleyball_frame_03623.png,353.0,373.0,322.5,337.5
volleyball_frame_03624.png,355.0,377.0,320.0,338.0
volleyball_frame_03626.png,364.0,384.0,311.0,331.0
volleyball_frame_03627.png,366.0,386.0,312.0,326.0
volleyball_frame_03628.png,375.0,391.0,309.5,324.5
volleyball_frame_03629.png,372.5,393.5,302.0,324.0
volleyball_frame_03632.png,377.0,397.0,295.0,305.0
volleyball_frame_03633.png,377.0,399.0,290.0,308.0
volleyball_frame_03634.png,374.5,399.5,285.0,305.0
volleyball_frame_03635.png,375.5,398.5,286.5,301.5
volleyball_frame_03636.png,377.0,397.0,283.5,304.5
volleyball_frame_03638.png,374.0,398.0,284.5,303.5
volleyball_frame_03645.png,367.5,382.5,366.5,381.5
volleyball_frame_03646.png,369.0,381.0,385.5,402.5
volleyball_frame_03649.png,364.0,378.0,351.5,370.5
volleyball_frame_03650.png,358.0,380.0,339.0,361.0
volleyball_frame_03651.png,352.0,376.0,326.5,351.5
volleyball_frame_03652.png,352.5,371.5,316.5,337.5
volleyball_frame_03653.png,347.0,375.0,311.0,335.0
volleyball_frame_03654.png,347.5,372.5,309.0,325.0
volleyball_frame_03655.png,353.0,369.0,301.5,320.5
volleyball_frame_03656.png,352.5,367.5,295.5,306.5
volleyball_frame_03657.png,346.5,365.5,293.0,307.0
volleyball_frame_03658.png,346.5,367.5,286.0,300.0
volleyball_frame_03659.png,349.0,369.0,282.0,300.0
volleyball_frame_03660.png,344.0,368.0,273.5,302.5
volleyball_frame_03661.png,349.0,367.0,277.5,294.5
volleyball_frame_03663.png,348.5,365.5,278.5,297.5
volleyball_frame_03664.png,346.5,367.5,281.0,305.0
volleyball_frame_03665.png,340.5,367.5,287.5,306.5
volleyball_frame_03666.png,343.5,364.5,313.0,327.0
volleyball_frame_03667.png,341.0,361.0,320.0,338.0
volleyball_frame_03668.png,340.0,354.0,338.0,354.0
volleyball_frame_03671.png,334.0,350.0,377.0,393.0
volleyball_frame_03672.png,334.0,352.0,359.5,378.5
volleyball_frame_03674.png,328.5,349.5,332.0,350.0
volleyball_frame_03675.png,327.5,346.5,322.0,338.0
volleyball_frame_03676.png,325.5,346.5,312.5,331.5
volleyball_frame_03677.png,325.5,354.5,315.5,332.5
volleyball_frame_03679.png,321.5,342.5,377.5,396.5
volleyball_frame_03680.png,322.5,349.5,355.5,370.5
volleyball_frame_03681.png,322.0,344.0,330.5,349.5
volleyball_frame_03684.png,319.5,344.5,285.5,304.5
volleyball_frame_03685.png,317.5,338.5,281.5,298.5
volleyball_frame_03688.png,322.5,343.5,274.0,290.0
volleyball_frame_03689.png,320.5,341.5,272.0,292.0
volleyball_frame_03690.png,321.5,340.5,272.0,296.0
volleyball_frame_03693.png,317.5,342.5,308.5,325.5
volleyball_frame_03696.png,316.5,343.5,357.0,375.0
volleyball_frame_03698.png,318.5,341.5,365.0,389.0
volleyball_frame_03702.png,319.0,341.0,316.5,335.5
volleyball_frame_03703.png,317.5,338.5,312.0,328.0
volleyball_frame_03707.png,333.0,353.0,342.0,362.0
volleyball_frame_03708.png,332.0,352.0,317.0,339.0
volleyball_frame_03709.png,-0.5,0.5,-0.5,0.5
volleyball_frame_03711.png,336.0,354.0,283.5,300.5
volleyball_frame_03712.png,338.5,353.5,280.0,296.0
volleyball_frame_03715.png,343.0,363.0,274.0,292.0
volleyball_frame_03716.png,343.5,360.5,277.5,296.5
volleyball_frame_03718.png,340.0,362.0,286.0,304.0
volleyball_frame_03719.png,337.5,360.5,294.5,315.5
volleyball_frame_03722.png,339.0,355.0,348.0,364.0
volleyball_frame_03725.png,331.5,356.5,359.0,381.0
volleyball_frame_03726.png,337.5,354.5,346.5,367.5
volleyball_frame_03727.png,333.5,352.5,332.5,355.5
volleyball_frame_03728.png,331.5,352.5,321.5,342.5
volleyball_frame_03732.png,333.5,350.5,313.5,324.5
volleyball_frame_03733.png,328.5,349.5,316.0,334.0
volleyball_frame_03734.png,329.0,353.0,323.0,347.0
volleyball_frame_03735.png,332.0,348.0,341.0,355.0
volleyball_frame_03736.png,329.0,351.0,354.5,373.5
volleyball_frame_03737.png,332.5,349.5,375.5,392.5
volleyball_frame_03738.png,329.5,346.5,373.5,392.5
volleyball_frame_03739.png,328.5,347.5,359.0,377.0
volleyball_frame_03741.png,332.0,348.0,338.5,353.5
volleyball_frame_03742.png,330.0,350.0,329.0,347.0
volleyball_frame_03743.png,330.0,350.0,325.0,343.0
volleyball_frame_03744.png,329.0,351.0,329.0,347.0
volleyball_frame_03745.png,331.0,349.0,330.0,352.0
volleyball_frame_03747.png,334.5,349.5,353.5,376.5
volleyball_frame_03748.png,329.5,348.5,374.0,392.0
volleyball_frame_03750.png,333.0,353.0,361.0,379.0
volleyball_frame_03751.png,332.0,350.0,350.5,367.5
volleyball_frame_03752.png,333.5,352.5,345.5,360.5
volleyball_frame_03753.png,329.5,350.5,340.5,363.5
volleyball_frame_03754.png,329.5,354.5,348.5,375.5
volleyball_frame_03756.png,335.0,351.0,377.0,395.0
volleyball_frame_03757.png,337.0,351.0,368.5,383.5
volleyball_frame_03759.png,333.5,352.5,350.5,369.5
volleyball_frame_03760.png,334.0,354.0,350.5,367.5
volleyball_frame_03761.png,332.5,355.5,361.0,379.0
volleyball_frame_03763.png,334.5,353.5,371.5,390.5
volleyball_frame_03764.png,335.0,355.0,362.5,381.5
volleyball_frame_03765.png,333.5,350.5,354.0,374.0
volleyball_frame_03766.png,331.0,351.0,352.5,371.5
volleyball_frame_03768.png,332.0,356.0,371.5,390.5
volleyball_frame_03769.png,331.0,351.0,371.5,392.5
volleyball_frame_03770.png,331.0,351.0,368.0,382.0
volleyball_frame_03772.png,329.5,352.5,355.5,374.5
volleyball_frame_03774.png,331.5,352.5,373.0,393.0
volleyball_frame_03775.png,332.0,352.0,372.0,392.0
volleyball_frame_03776.png,330.0,350.0,365.0,385.0
volleyball_frame_03777.png,332.0,352.0,354.5,377.5
volleyball_frame_03780.png,333.5,348.5,350.5,363.5
volleyball_frame_03781.png,328.5,349.5,347.0,363.0
volleyball_frame_03782.png,328.5,351.5,343.0,361.0
volleyball_frame_03783.png,330.5,351.5,339.5,358.5
volleyball_frame_03785.png,333.5,348.5,341.0,357.0
volleyball_frame_03787.png,332.5,349.5,334.0,352.0
volleyball_frame_03790.png,333.0,353.0,329.0,345.0
volleyball_frame_03791.png,328.5,349.5,324.5,341.5
volleyball_frame_03793.png,331.5,352.5,319.0,337.0
volleyball_frame_03797.png,333.5,354.5,313.5,334.5
volleyball_frame_03798.png,334.0,356.0,312.5,333.5
volleyball_frame_03799.png,332.5,353.5,314.5,335.5
volleyball_frame_03800.png,335.5,356.5,314.5,335.5
volleyball_frame_03801.png,334.5,355.5,324.0,340.0
volleyball_frame_03805.png,331.5,352.5,332.0,350.0
volleyball_frame_03806.png,334.0,354.0,331.0,345.0
volleyball_frame_03807.png,329.0,353.0,320.0,346.0
volleyball_frame_03808.png,328.5,349.5,317.0,331.0
volleyball_frame_03810.png,329.0,351.0,283.0,303.0
volleyball_frame_03812.png,327.5,352.5,250.5,267.5
volleyball_frame_03813.png,329.5,352.5,234.0,258.0
volleyball_frame_03814.png,331.0,351.0,220.5,239.5
volleyball_frame_03815.png,330.0,350.0,210.0,230.0
volleyball_frame_03816.png,327.5,348.5,201.0,221.0
volleyball_frame_03817.png,328.5,351.5,189.5,210.5
volleyball_frame_03818.png,329.0,351.0,181.5,202.5
volleyball_frame_03819.png,325.0,351.0,171.5,200.5
volleyball_frame_03820.png,324.0,352.0,165.5,196.5
volleyball_frame_03821.png,325.5,352.5,170.0,188.0
volleyball_frame_03822.png,328.5,347.5,165.0,187.0
volleyball_frame_03824.png,328.5,349.5,166.5,189.5
volleyball_frame_03825.png,323.0,353.0,167.0,193.0
volleyball_frame_03826.png,327.5,348.5,174.0,194.0
volleyball_frame_03828.png,328.0,352.0,184.0,206.0
volleyball_frame_03829.png,328.0,350.0,193.5,210.5
volleyball_frame_03830.png,322.5,349.5,189.0,215.0
volleyball_frame_03832.png,319.0,343.0,171.0,195.0
volleyball_frame_03833.png,316.5,339.5,162.0,186.0
volleyball_frame_03834.png,314.5,339.5,155.0,183.0
volleyball_frame_03837.png,302.0,328.0,141.5,166.5
volleyball_frame_03840.png,292.0,314.0,143.5,162.5
volleyball_frame_03841.png,285.0,309.0,142.5,163.5
volleyball_frame_03843.png,275.5,298.5,150.0,176.0
volleyball_frame_03844.png,270.0,292.0,157.5,182.5
volleyball_frame_03845.png,262.5,289.5,169.0,193.0
volleyball_frame_03846.png,259.0,283.0,176.5,201.5
volleyball_frame_03847.png,251.0,279.0,187.0,211.0
volleyball_frame_03848.png,252.5,273.5,206.0,224.0
volleyball_frame_03849.png,243.0,269.0,220.5,239.5
volleyball_frame_03850.png,239.5,264.5,237.0,263.0
volleyball_frame_03851.png,235.5,258.5,261.0,281.0
volleyball_frame_03852.png,232.0,256.0,274.5,303.5
volleyball_frame_03853.png,218.5,251.5,300.5,329.5
volleyball_frame_03854.png,224.0,246.0,333.5,354.5
volleyball_frame_03855.png,222.5,239.5,357.5,380.5
volleyball_frame_03856.png,214.5,239.5,382.5,409.5
volleyball_frame_03858.png,203.5,214.5,442.5,463.5
volleyball_frame_03859.png,219.0,233.0,400.0,422.0
volleyball_frame_03860.png,229.0,255.0,357.0,385.0
volleyball_frame_03861.png,241.5,262.5,329.5,350.5
volleyball_frame_03863.png,257.0,291.0,247.0,287.0
volleyball_frame_03864.png,267.5,296.5,224.0,250.0
volleyball_frame_03866.png,287.5,318.5,162.5,193.5
volleyball_frame_03867.png,297.5,324.5,139.5,168.5
volleyball_frame_03868.png,310.0,338.0,112.5,141.5
volleyball_frame_03869.png,320.5,349.5,92.0,120.0
volleyball_frame_03870.png,325.5,362.5,77.0,103.0
volleyball_frame_03872.png,350.0,378.0,38.5,67.5
volleyball_frame_03873.png,360.0,388.0,22.5,53.5
volleyball_frame_03875.png,375.0,409.0,3.5,30.5
volleyball_frame_03876.png,386.5,417.5,0.0,22.0
volleyball_frame_03878.png,-0.5,0.5,-0.5,0.5
volleyball_frame_03879.png,-0.5,0.5,-0.5,0.5
volleyball_frame_03880.png,-0.5,0.5,-0.5,0.5
volleyball_frame_03881.png,-0.5,0.5,-0.5,0.5
volleyball_frame_03884.png,459.0,493.0,-0.5,14.5
volleyball_frame_03885.png,475.0,499.0,2.0,20.0
volleyball_frame_03887.png,492.5,517.5,13.5,38.5
volleyball_frame_03888.png,498.0,524.0,25.5,50.5
volleyball_frame_03889.png,506.5,535.5,41.5,66.5
volleyball_frame_03890.png,517.5,544.5,54.0,86.0
volleyball_frame_03891.png,523.0,555.0,73.5,98.5
volleyball_frame_03892.png,533.0,559.0,91.5,120.5
volleyball_frame_03893.png,543.5,568.5,113.0,137.0
volleyball_frame_03894.png,550.0,576.0,129.5,160.5
volleyball_frame_03897.png,568.0,596.0,207.5,240.5
volleyball_frame_03898.png,580.0,612.0,237.0,267.0
volleyball_frame_03899.png,587.5,614.5,264.0,292.0
volleyball_frame_03900.png,599.0,621.0,303.0,327.0
volleyball_frame_03901.png,595.5,618.5,311.0,331.0
volleyball_frame_03902.png,582.0,608.0,283.0,305.0
volleyball_frame_03903.png,562.0,592.0,251.0,281.0
volleyball_frame_03905.png,532.0,560.0,202.5,227.5
volleyball_frame_03906.png,514.0,542.0,182.5,203.5
volleyball_frame_03907.png,496.5,529.5,155.5,190.5
volleyball_frame_03909.png,463.5,496.5,121.5,152.5
volleyball_frame_03910.png,449.0,483.0,107.5,138.5
volleyball_frame_03911.png,433.0,465.0,96.0,124.0
volleyball_frame_03912.png,418.5,447.5,84.5,111.5
volleyball_frame_03913.png,399.5,434.5,73.5,104.5
volleyball_frame_03914.png,387.5,416.5,70.0,98.0
volleyball_frame_03916.png,358.5,387.5,58.5,87.5
volleyball_frame_03917.png,343.5,370.5,60.5,85.5
volleyball_frame_03918.png,323.5,360.5,56.5,89.5
volleyball_frame_03919.png,315.0,347.0,61.5,88.5
volleyball_frame_03920.png,299.5,322.5,68.0,88.0
volleyball_frame_03922.png,273.0,297.0,76.0,100.0
volleyball_frame_03924.png,237.0,269.0,94.0,126.0
volleyball_frame_03928.png,188.0,212.0,154.0,180.0
volleyball_frame_03929.png,170.0,200.0,172.0,198.0
volleyball_frame_03930.png,157.5,184.5,189.5,220.5
volleyball_frame_03931.png,142.0,172.0,212.5,241.5
volleyball_frame_03932.png,130.5,159.5,236.0,262.0
volleyball_frame_03935.png,336.0,372.0,269.0,297.0
volleyball_frame_03938.png,538.5,563.5,320.0,340.0
volleyball_frame_03940.png,644.0,682.0,355.0,383.0
volleyball_frame_03944.png,767.0,799.0,365.5,398.5
volleyball_frame_03951.png,684.0,708.0,174.0,194.0
volleyball_frame_03952.png,670.0,694.0,149.5,170.5
volleyball_frame_03953.png,657.0,683.0,126.0,150.0
volleyball_frame_03954.png,643.5,670.5,102.0,130.0
volleyball_frame_03955.png,631.0,659.0,82.0,110.0
volleyball_frame_03956.png,622.0,646.0,68.0,96.0
volleyball_frame_03957.png,608.0,636.0,51.0,73.0
volleyball_frame_03958.png,592.5,623.5,35.0,65.0
volleyball_frame_03959.png,585.5,612.5,23.5,46.5
volleyball_frame_03960.png,573.0,601.0,7.5,32.5
volleyball_frame_03961.png,557.5,588.5,0.0,26.0
volleyball_frame_03962.png,542.0,578.0,0.0,16.0
volleyball_frame_03965.png,-0.5,0.5,-0.5,0.5
volleyball_frame_03968.png,-0.5,0.5,-0.5,0.5
volleyball_frame_03973.png,-0.5,0.5,-0.5,0.5
volleyball_frame_03975.png,395.0,423.0,5.5,30.5
volleyball_frame_03976.png,386.5,409.5,17.0,43.0
volleyball_frame_03977.png,370.5,403.5,31.5,58.5
volleyball_frame_03978.png,361.0,389.0,44.5,73.5
volleyball_frame_03980.png,338.5,363.5,83.5,106.5
volleyball_frame_03985.png,278.0,304.0,199.0,227.0
volleyball_frame_03989.png,262.0,286.0,261.5,284.5
volleyball_frame_03990.png,263.5,288.5,266.5,287.5
volleyball_frame_03991.png,268.5,293.5,268.5,291.5
volleyball_frame_03992.png,268.5,293.5,275.0,301.0
volleyball_frame_03993.png,270.0,296.0,285.0,307.0
volleyball_frame_03994.png,-0.5,0.5,-0.5,0.5
volleyball_frame_03995.png,271.0,295.0,309.0,331.0
volleyball_frame_03996.png,265.5,294.5,322.5,349.5
volleyball_frame_03997.png,269.5,290.5,344.0,362.0
volleyball_frame_03998.png,268.0,296.0,357.0,381.0
volleyball_frame_04001.png,-0.5,0.5,-0.5,0.5
volleyball_frame_04003.png,263.5,284.5,382.0,402.0
volleyball_frame_04004.png,267.0,287.0,356.5,377.5
volleyball_frame_04005.png,272.0,286.0,342.5,357.5
volleyball_frame_04008.png,-0.5,0.5,-0.5,0.5
volleyball_frame_04010.png,271.0,291.0,266.5,287.5
volleyball_frame_04012.png,269.5,292.5,254.0,280.0
volleyball_frame_04014.png,268.5,289.5,247.0,267.0
volleyball_frame_04016.png,269.5,294.5,243.0,265.0
volleyball_frame_04020.png,271.0,291.0,263.0,281.0
volleyball_frame_04025.png,269.5,296.5,317.5,338.5
volleyball_frame_04026.png,273.0,293.0,317.0,335.0
volleyball_frame_04027.png,277.5,290.5,321.0,337.0
volleyball_frame_04029.png,273.0,293.0,317.5,338.5
volleyball_frame_04031.png,270.5,291.5,321.5,344.5
volleyball_frame_04032.png,274.5,289.5,332.5,349.5
volleyball_frame_04033.png,269.0,289.0,337.0,355.0
volleyball_frame_04034.png,269.0,289.0,346.5,365.5
volleyball_frame_04036.png,265.0,289.0,349.5,372.5
volleyball_frame_04038.png,266.5,287.5,337.5,358.5
volleyball_frame_04039.png,-0.5,0.5,-0.5,0.5
volleyball_frame_04041.png,-0.5,0.5,-0.5,0.5
volleyball_frame_04043.png,261.0,277.0,338.0,354.0
volleyball_frame_04044.png,257.5,278.5,335.5,356.5
volleyball_frame_04045.png,258.5,277.5,343.5,362.5
volleyball_frame_04046.png,255.5,278.5,345.5,370.5
volleyball_frame_04050.png,255.0,275.0,348.5,369.5
volleyball_frame_04051.png,252.0,272.0,345.5,364.5
volleyball_frame_04052.png,251.0,271.0,345.5,364.5
volleyball_frame_04056.png,240.0,266.0,352.0,376.0
volleyball_frame_04057.png,241.0,265.0,357.0,379.0
volleyball_frame_04058.png,247.0,265.0,357.5,372.5
volleyball_frame_04060.png,241.5,262.5,352.0,370.0
volleyball_frame_04063.png,241.0,259.0,352.0,372.0
volleyball_frame_04065.png,237.0,257.0,359.0,379.0
volleyball_frame_04066.png,238.0,256.0,359.5,378.5
volleyball_frame_04068.png,234.0,254.0,355.5,374.5
volleyball_frame_04069.png,233.5,254.5,356.0,374.0
volleyball_frame_04070.png,231.5,250.5,358.5,379.5
volleyball_frame_04072.png,229.5,252.5,360.0,382.0
volleyball_frame_04074.png,227.5,246.5,357.5,382.5
